[[{"location":"G:\\CBI\\HEARC\\RAD\\Running\\CudaTuto\\02_Scientifique\\01_Code\\WCudaMSE\\API_Bilat_Canvas_JNI\\JAR\\Bilat_Canvas_JNI.jar","type":"JAR","hints":{}},"ABSENT"],[{"location":"G:\\CBI\\HEARC\\RAD\\Running\\CudaTuto\\02_Scientifique\\01_Code\\WCudaMSE\\JTuto_Graphe_JNI","type":"PROJECT","hints":{}},"ABSENT"],[{"location":"G:\\CBI\\HEARC\\RAD\\Running\\CudaTuto\\02_Scientifique\\01_Code\\WCudaMSE\\JTuto_Image_JNI","type":"PROJECT","hints":{}},"ABSENT"],[{"location":"C:\\Soft\\java64\\jdk","type":"JRE","hints":{}},"jre:jre:1.8.0"],[{"location":"G:\\CBI\\HEARC\\RAD\\Running\\CudaTuto\\02_Scientifique\\01_Code\\WCudaMSE\\JTuto_ImageCuda_JNI","type":"PROJECT","hints":{}},"ABSENT"],[{"location":"G:\\CBI\\HEARC\\RAD\\Running\\CudaTuto\\02_Scientifique\\01_Code\\WCudaMSE\\JTuto_Canvas_JNI","type":"PROJECT","hints":{}},"ABSENT"]]